player,pos,contract_aav,season,pct_change,upper_limit,lower_limit,min_salary,team,games_played,goals_against,expected_goals_against,goals_saved_above_expected,goals_saved_above_expected_per_60,save_pct_on_unblocked_shots,xsave_pct_on_unblocked_shots,save_pct_above_expected,save_pct_on_shots_on_goal,gaa,xgaa,gaa_better_than_expected,wins_above_replacement,icetime,rebounds_per_save,xrebounds_per_save,rebounds_above_expected,puck_freezes,expected_puck_freeze,puck_freezes_above_expected,puck_freezes_above_expected_per_shot_on_goal,saves_on_shots_on_goal,saves_on_unblocked_shot_attempts,pct_of_shot_attempts_blocked_by_teammates,pct_of_unblocked_shot_attempts_against_on_goal,expected_pct_of_unblocked_shot_attempts_against_on_goal,on_goal_pct_above_expected,low_danger_unblocked_shot_attempt_save_pct,xlow_danger_unblocked_shot_attempt_save_pct,low_danger_unblocked_shot_attempt_savepct_above_expected,medium_danger_unblocked_shot_attempt_save_pct,xmedium_danger_unblocked_shot_attempt_save_pct,medium_danger_unblocked_shot_attemptsave_pct_above_expected,high_danger_unblocked_shot_attempt_save_pct,xhigh_danger_unblocked_shot_attempt_save_pct,high_danger_unblocked_shot_attempt_save_pct_above_expected,final_standing
Ilya Bryzgalov,G,5666666,2010-11,0.0825,64300000,48300000,525000,ARI,68.0,168.0,182.33,14.3,0.212,0.957,0.953,0.004,0.921,2.49,2.7,0.21,2.39,4054.0,0.037,0.041,-0.004,508.0,485.74,22.26,0.01,1957.0,3728.0,0.182,0.5454,0.5566,-0.0111,0.976,0.972,0.005,0.895,0.878,0.018,0.624,0.667,-0.043,11.0
Henrik Karlsson,G,862500,2010-11,0.0825,64300000,48300000,525000,CGY,17.0,36.0,33.13,-2.9,-0.208,0.95,0.954,-0.004,0.908,2.59,2.38,-0.21,-0.48,834.0,0.031,0.037,-0.006,79.0,87.2,-8.2,-0.02,355.0,684.0,0.2018,0.5431,0.5329999999999999,0.0101,0.965,0.971,-0.007,0.901,0.875,0.026,0.567,0.639,-0.072,17.0
Pekka Rinne,G,7000000,2010-11,0.0825,64300000,48300000,525000,NSH,64.0,134.0,149.82,15.8,0.25,0.96,0.955,0.005,0.93,2.12,2.37,0.25,2.64,3789.0,0.035,0.04,-0.005,482.0,420.37,61.63,0.03,1771.0,3230.0,0.188,0.5663,0.5535,0.0128,0.977,0.972,0.006,0.887,0.88,0.007,0.683,0.674,0.008,10.0
Brian Elliott,G,1800000,2010-11,0.0825,64300000,48300000,525000,COL,55.0,166.0,142.56,-23.4,-0.471,0.941,0.949,-0.008,0.893,3.34,2.87,-0.47,-3.91,2983.0,0.043,0.04,0.003,358.0,345.17,12.83,0.01,1385.0,2636.0,0.1918,0.5535,0.5475,0.0060999999999999995,0.969,0.972,-0.002,0.839,0.877,-0.038,0.614,0.647,-0.033,29.0
Ben Bishop,G,650000,2010-11,0.0825,64300000,48300000,525000,STL,7.0,17.0,14.06,-2.9,-0.472,0.947,0.956,-0.009,0.899,2.77,2.29,-0.48,-0.49,368.0,0.043,0.036,0.007,46.0,37.09,8.91,0.05,151.0,305.0,0.23149999999999998,0.5217,0.5061,0.015600000000000001,0.972,0.971,0.0,0.784,0.874,-0.09,0.667,0.642,0.024,20.0
Ray Emery,G,1150000,2010-11,0.0825,64300000,48300000,525000,ANA,10.0,20.0,21.84,1.8,0.205,0.964,0.961,0.003,0.926,2.28,2.49,0.21,0.31,527.0,0.032,0.037,-0.005,62.0,63.86,-1.86,-0.01,252.0,535.0,0.21050000000000002,0.4901,0.517,-0.0269,0.973,0.97,0.003,0.897,0.884,0.012,0.688,0.677,0.011,9.0
Martin Biron,G,1300000,2011-12,-0.0669,60000000,44000000,525000,NYR,21.0,50.0,43.84,-6.2,-0.305,0.952,0.958,-0.006,0.904,2.46,2.16,-0.3,-1.03,1220.0,0.047,0.035,0.012,138.0,119.71,18.29,0.04,469.0,988.0,0.2373,0.5,0.493,0.006999999999999999,0.964,0.972,-0.008,0.882,0.874,0.008,0.595,0.661,-0.067,2.0
Tuukka Rask,G,3500000,2011-12,-0.0669,60000000,44000000,525000,BOS,23.0,44.0,49.22,5.2,0.242,0.961,0.956,0.005,0.929,2.05,2.29,0.24,0.87,1289.0,0.025,0.038,-0.013,148.0,139.84,8.16,0.01,577.0,1083.0,0.1984,0.551,0.5447,0.0063,0.968,0.973,-0.005,0.903,0.881,0.022,0.794,0.652,0.142,7.0
Cory Schneider,G,4000000,2011-12,-0.0669,60000000,44000000,525000,VAN,33.0,60.0,77.05,17.0,0.557,0.962,0.952,0.011,0.937,1.96,2.52,0.56,2.84,1832.0,0.038,0.042,-0.004,229.0,196.79,32.21,0.03,885.0,1534.0,0.1888,0.5928,0.5516,0.0412,0.978,0.97,0.008,0.921,0.879,0.042,0.683,0.703,-0.019,1.0
Ondrej Pavelec,G,3900000,2011-12,-0.0669,60000000,44000000,525000,WPG,68.0,191.0,188.06,-2.9,-0.044,0.949,0.95,-0.001,0.906,2.91,2.87,-0.04,-0.49,3932.0,0.041,0.039,0.002,452.0,460.78,-8.78,0.0,1845.0,3569.0,0.1991,0.5415,0.5428999999999999,-0.0014000000000000002,0.973,0.972,0.001,0.877,0.879,-0.002,0.639,0.664,-0.025,22.0
Josh Harding,G,1900000,2011-12,-0.0669,60000000,44000000,525000,MIN,34.0,81.0,86.91,5.9,0.191,0.957,0.954,0.003,0.917,2.63,2.82,0.19,0.98,1849.0,0.039,0.038,0.0,273.0,222.53,50.47,0.05,900.0,1789.0,0.2116,0.5246,0.5252,-0.0006,0.979,0.972,0.007,0.859,0.878,-0.019,0.7,0.66,0.04,24.0
Tomas Vokoun,G,2000000,2010-11,0.0825,64300000,48300000,525000,FLA,57.0,137.0,145.11,8.1,0.151,0.956,0.953,0.003,0.922,2.55,2.7,0.15,1.35,3223.0,0.045,0.04,0.005,422.0,376.7,45.3,0.03,1616.0,2948.0,0.1905,0.5682,0.5466,0.0216,0.975,0.971,0.004,0.886,0.881,0.006,0.644,0.655,-0.011,28.0
Jean-Sebastien Giguere,G,1500000,2011-12,-0.0669,60000000,44000000,525000,COL,32.0,69.0,70.21,1.2,0.04,0.957,0.957,0.001,0.919,2.28,2.32,0.04,0.2,1819.0,0.039,0.038,0.001,204.0,200.14,3.86,0.0,781.0,1553.0,0.20370000000000002,0.524,0.5294,-0.0053,0.976,0.971,0.005,0.888,0.881,0.007,0.607,0.681,-0.075,20.0
Braden Holtby,G,1850000,2011-12,-0.0669,60000000,44000000,525000,WSH,7.0,15.0,17.09,2.1,0.349,0.957,0.951,0.006,0.922,2.5,2.84,0.35,0.35,360.0,0.042,0.038,0.004,37.0,42.48,-5.48,-0.03,177.0,336.0,0.2041,0.547,0.5359,0.0111,0.975,0.974,0.001,0.872,0.871,0.001,0.737,0.639,0.098,15.0
Michal Neuvirth,G,2500000,2011-12,-0.0669,60000000,44000000,525000,WSH,38.0,95.0,76.03,-19.0,-0.57,0.948,0.959,-0.01,0.903,2.85,2.28,-0.57,-3.16,2000.0,0.024,0.037,-0.013,249.0,220.89,28.11,0.03,881.0,1739.0,0.205,0.5322,0.5306000000000001,0.0016,0.965,0.972,-0.007,0.86,0.884,-0.024,0.558,0.673,-0.115,15.0
Joey MacDonald,G,925000,2011-12,-0.0669,60000000,44000000,525000,DET,14.0,29.0,30.04,1.0,0.074,0.954,0.952,0.002,0.912,2.16,2.24,0.08,0.17,805.0,0.035,0.04,-0.005,71.0,78.57,-7.57,-0.02,301.0,595.0,0.1822,0.5288,0.5598,-0.031,0.994,0.974,0.02,0.851,0.883,-0.032,0.536,0.657,-0.122,8.0
Jimmy Howard,G,5291666,2011-12,-0.0669,60000000,44000000,525000,DET,57.0,119.0,131.39,12.4,0.221,0.956,0.951,0.005,0.92,2.12,2.35,0.22,2.06,3360.0,0.033,0.04,-0.007,337.0,323.32,13.68,0.01,1377.0,2567.0,0.19920000000000002,0.557,0.5428999999999999,0.013999999999999999,0.974,0.971,0.003,0.892,0.878,0.014,0.655,0.637,0.017,8.0
Ben Bishop,G,2300000,2011-12,-0.0669,60000000,44000000,525000,OTT,10.0,22.0,19.27,-2.7,-0.305,0.949,0.955,-0.006,0.909,2.48,2.17,-0.31,-0.46,531.0,0.042,0.04,0.002,45.0,51.93,-6.93,-0.03,221.0,407.0,0.19510000000000002,0.5664,0.5403,0.0262,0.957,0.974,-0.017,0.904,0.882,0.022,0.684,0.658,0.026,16.0
Peter Budaj,G,1400000,2011-12,-0.0669,60000000,44000000,525000,MTL,17.0,44.0,42.09,-1.9,-0.11,0.956,0.958,-0.002,0.913,2.55,2.44,-0.11,-0.32,1036.0,0.027,0.037,-0.009,92.0,117.16,-25.16,-0.05,464.0,952.0,0.2151,0.51,0.5158,-0.0058,0.973,0.971,0.002,0.868,0.885,-0.017,0.667,0.692,-0.026,28.0
Steve Mason,G,1500000,2011-12,-0.0669,60000000,44000000,525000,CBJ,46.0,143.0,102.11,-40.9,-0.969,0.937,0.955,-0.018,0.894,3.39,2.42,-0.97,-6.82,2533.0,0.035,0.039,-0.003,219.0,282.19,-63.19,-0.05,1212.0,2141.0,0.1912,0.5932999999999999,0.5508,0.0424,0.963,0.972,-0.01,0.801,0.88,-0.079,0.596,0.67,-0.074,30.0
Mike Smith,G,5666666,2012-13,0.0717,64300000,47500000,525000,ARI,34.0,84.0,82.68,-1.3,-0.04,0.953,0.954,-0.001,0.91,2.58,2.54,-0.04,-0.22,1955.0,0.036,0.039,-0.003,194.0,210.51,-16.51,-0.02,854.0,1701.0,0.20739999999999997,0.5255,0.5283,-0.0028000000000000004,0.97,0.971,-0.001,0.88,0.88,-0.0,0.692,0.691,0.002,19.0
Jhonas Enroth,G,1250000,2012-13,0.0717,64300000,47500000,525000,BUF,12.0,27.0,24.82,-2.2,-0.212,0.955,0.959,-0.004,0.919,2.6,2.39,-0.21,-0.36,623.0,0.037,0.038,-0.001,63.0,77.09,-14.09,-0.04,305.0,572.0,0.18280000000000002,0.5543,0.5466,0.0076,0.962,0.972,-0.01,0.908,0.878,0.03,0.625,0.672,-0.047,22.0
Tuukka Rask,G,7000000,2012-13,0.0717,64300000,47500000,525000,BOS,36.0,70.0,89.17,19.2,0.548,0.962,0.951,0.01,0.929,2.0,2.54,0.55,3.2,2102.0,0.031,0.038,-0.007,260.0,223.8,36.2,0.04,910.0,1760.0,0.205,0.5355,0.5372,-0.0017000000000000001,0.975,0.971,0.004,0.931,0.878,0.053,0.693,0.677,0.016,5.0
Ray Emery,G,1650000,2012-13,0.0717,64300000,47500000,525000,CHI,21.0,36.0,42.22,6.2,0.333,0.96,0.953,0.007,0.922,1.94,2.27,0.33,1.04,1116.0,0.044,0.037,0.007,92.0,101.81,-9.81,-0.02,424.0,857.0,0.2341,0.5151,0.5081,0.006999999999999999,0.974,0.971,0.002,0.896,0.877,0.019,0.745,0.68,0.064,1.0
Jonathan Bernier,G,2900000,2012-13,0.0717,64300000,47500000,525000,LAK,14.0,24.0,24.96,1.0,0.078,0.96,0.958,0.002,0.922,1.87,1.95,0.07,0.16,768.0,0.044,0.04,0.003,79.0,77.12,1.88,0.01,282.0,573.0,0.19,0.5126,0.5467,-0.0342,0.98,0.971,0.01,0.827,0.882,-0.055,0.833,0.728,0.105,7.0
Jason LaBarbera,G,1000000,2012-13,0.0717,64300000,47500000,525000,ARI,15.0,32.0,38.5,6.5,0.537,0.957,0.948,0.009,0.923,2.64,3.18,0.54,1.08,725.0,0.06,0.044,0.016,107.0,95.81,11.19,0.03,386.0,711.0,0.1826,0.5626,0.5615,0.0011,0.974,0.97,0.004,0.924,0.875,0.049,0.621,0.67,-0.049,19.0
Chad Johnson,G,600000,2012-13,0.0717,64300000,47500000,525000,ARI,4.0,5.0,9.2,4.2,1.022,0.977,0.957,0.02,0.954,1.22,2.24,1.02,0.7,246.0,0.033,0.037,-0.004,25.0,25.98,-0.98,-0.01,103.0,209.0,0.20149999999999998,0.5047,0.5343,-0.0297,0.992,0.972,0.02,0.957,0.888,0.068,0.5,0.5,0.0,19.0
Thomas Greiss,G,750000,2012-13,0.0717,64300000,47500000,525000,SJS,6.0,13.0,12.8,-0.2,-0.039,0.954,0.955,-0.001,0.915,2.53,2.49,-0.04,-0.03,308.0,0.029,0.039,-0.009,30.0,34.6,-4.6,-0.03,140.0,272.0,0.19940000000000002,0.5367999999999999,0.5279,0.0089,0.949,0.971,-0.023,0.936,0.878,0.058,0.818,0.765,0.053,11.0
Anton Khudobin,G,800000,2012-13,0.0717,64300000,47500000,525000,BOS,14.0,31.0,31.99,1.0,0.075,0.956,0.955,0.001,0.92,2.32,2.39,0.07,0.16,803.0,0.019,0.038,-0.019,89.0,87.38,1.62,0.0,358.0,677.0,0.2,0.5494,0.5442,0.0052,0.978,0.973,0.005,0.895,0.882,0.013,0.56,0.65,-0.09,5.0
Dan Ellis,G,900000,2012-13,0.0717,64300000,47500000,525000,CAR,19.0,52.0,54.49,2.5,0.154,0.947,0.945,0.003,0.906,3.19,3.35,0.15,0.42,977.0,0.043,0.041,0.002,111.0,127.53,-16.53,-0.03,504.0,933.0,0.1839,0.5645,0.565,-0.0005,0.972,0.97,0.002,0.903,0.879,0.024,0.641,0.67,-0.029,26.0
Al Montoya,G,601000,2012-13,0.0717,64300000,47500000,525000,WPG,7.0,17.0,14.74,-2.3,-0.393,0.95,0.957,-0.007,0.899,2.9,2.52,-0.39,-0.38,351.0,0.022,0.038,-0.017,33.0,41.03,-8.03,-0.05,151.0,322.0,0.2024,0.49560000000000004,0.5333,-0.0377,0.973,0.974,-0.001,0.869,0.882,-0.014,0.5,0.66,-0.16,18.0
Sergei Bobrovsky,G,5625000,2012-13,0.0717,64300000,47500000,525000,CBJ,38.0,74.0,80.86,6.9,0.187,0.962,0.958,0.004,0.932,2.0,2.19,0.19,1.14,2218.0,0.04,0.038,0.001,167.0,239.94,-72.94,-0.07,1010.0,1866.0,0.19699999999999998,0.5588000000000001,0.5397,0.0191,0.977,0.973,0.004,0.884,0.878,0.007,0.712,0.706,0.006,17.0
Corey Crawford,G,6000000,2012-13,0.0717,64300000,47500000,525000,CHI,30.0,57.0,63.77,6.8,0.232,0.959,0.954,0.005,0.926,1.94,2.17,0.23,1.13,1760.0,0.033,0.039,-0.006,159.0,166.89,-7.89,-0.01,712.0,1330.0,0.2061,0.5544,0.5317000000000001,0.0227,0.98,0.971,0.008,0.901,0.879,0.022,0.577,0.652,-0.075,1.0
Henrik Lundqvist,G,8500000,2012-13,0.0717,64300000,47500000,525000,NYR,43.0,88.0,96.69,8.7,0.203,0.962,0.959,0.004,0.926,2.05,2.25,0.2,1.45,2573.0,0.034,0.035,-0.001,255.0,270.13,-15.13,-0.01,1102.0,2258.0,0.2255,0.5072,0.5015999999999999,0.005600000000000001,0.975,0.973,0.002,0.911,0.877,0.033,0.632,0.663,-0.03,12.0
Semyon Varlamov,G,5900000,2012-13,0.0717,64300000,47500000,525000,COL,35.0,98.0,90.09,-7.9,-0.243,0.95,0.954,-0.004,0.903,3.02,2.77,-0.24,-1.32,1949.0,0.049,0.04,0.008,217.0,232.9,-15.9,-0.02,909.0,1866.0,0.2163,0.5127,0.5194,-0.0067,0.971,0.972,-0.0,0.865,0.878,-0.013,0.627,0.675,-0.049,29.0
Steve Mason,G,4100000,2012-13,0.0717,64300000,47500000,525000,PHI,20.0,47.0,42.43,-4.6,-0.253,0.953,0.957,-0.005,0.916,2.59,2.34,-0.25,-0.76,1090.0,0.033,0.038,-0.006,105.0,121.26,-16.26,-0.03,514.0,949.0,0.19940000000000002,0.5633,0.539,0.024300000000000002,0.965,0.97,-0.006,0.873,0.881,-0.008,0.667,0.674,-0.008,20.0
Ben Scrivens,G,2300000,2012-13,0.0717,64300000,47500000,525000,TOR,20.0,46.0,44.09,-1.9,-0.111,0.956,0.957,-0.002,0.915,2.69,2.58,-0.11,-0.32,1024.0,0.041,0.038,0.004,111.0,126.71,-15.71,-0.03,496.0,991.0,0.2108,0.5227,0.5257999999999999,-0.0031,0.972,0.973,-0.001,0.866,0.879,-0.013,0.719,0.706,0.013,10.0
Anton Khudobin,G,2250000,2012-13,0.0717,64300000,47500000,525000,BOS,14.0,31.0,31.99,1.0,0.075,0.956,0.955,0.001,0.92,2.32,2.39,0.07,0.16,803.0,0.019,0.038,-0.019,89.0,87.38,1.62,0.0,358.0,677.0,0.2,0.5494,0.5442,0.0052,0.978,0.973,0.005,0.895,0.882,0.013,0.56,0.65,-0.09,5.0
Antti Raanta,G,750000,2013-14,0.0731,69000000,51000000,525000,CHI,25.0,63.0,54.84,-8.2,-0.357,0.945,0.952,-0.007,0.897,2.75,2.39,-0.36,-1.36,1376.0,0.037,0.04,-0.003,135.0,135.69,-0.69,0.0,547.0,1088.0,0.21059999999999998,0.53,0.5275,0.0024,0.964,0.969,-0.006,0.885,0.878,0.007,0.578,0.716,-0.138,7.0
Jonas Gustavsson,G,1850000,2013-14,0.0731,69000000,51000000,525000,DET,27.0,68.0,57.57,-10.4,-0.402,0.948,0.956,-0.008,0.907,2.63,2.23,-0.4,-1.74,1550.0,0.04,0.039,0.001,156.0,161.73,-5.73,-0.01,667.0,1230.0,0.1943,0.5663,0.5468999999999999,0.019299999999999998,0.975,0.972,0.003,0.86,0.881,-0.022,0.489,0.671,-0.182,15.0
Niklas Svedberg,G,600000,2013-14,0.0731,69000000,51000000,525000,BOS,1.0,2.0,2.15,0.1,0.099,0.96,0.957,0.003,0.943,1.97,2.12,0.15,0.02,60.0,0.042,0.037,0.004,7.0,6.85,0.15,0.0,33.0,48.0,0.18030000000000002,0.7,0.604,0.096,1.0,0.97,0.03,1.0,0.897,0.103,0.0,0.74,-0.74,1.0
Curtis McElhinney,G,600000,2013-14,0.0731,69000000,51000000,525000,CBJ,28.0,64.0,52.79,-11.2,-0.472,0.948,0.957,-0.009,0.909,2.7,2.23,-0.47,-1.87,1423.0,0.04,0.037,0.003,114.0,155.01,-41.01,-0.06,639.0,1176.0,0.19579999999999997,0.5669,0.5392,0.0277,0.969,0.974,-0.006,0.855,0.883,-0.028,0.542,0.613,-0.071,14.0
Alex Stalock,G,1600000,2013-14,0.0731,69000000,51000000,525000,SJS,24.0,39.0,40.64,1.6,0.077,0.963,0.961,0.002,0.932,1.87,1.95,0.08,0.27,1251.0,0.036,0.036,0.0,139.0,129.97,9.03,0.02,532.0,1004.0,0.20440000000000003,0.5475,0.5324,0.0151,0.977,0.973,0.004,0.873,0.882,-0.009,0.735,0.729,0.006,5.0
Carter Hutton,G,725000,2012-13,0.0717,64300000,47500000,525000,CHI,1.0,3.0,2.52,-0.5,-0.511,0.951,0.959,-0.008,0.893,3.06,2.57,-0.49,-0.08,58.0,0.034,0.04,-0.005,7.0,6.48,0.52,0.02,25.0,58.0,0.21789999999999998,0.45899999999999996,0.5036,-0.0446,0.97,0.973,-0.003,0.889,0.893,-0.004,0.5,0.675,-0.175,1.0
Cam Talbot,G,1450000,2013-14,0.0731,69000000,51000000,525000,NYR,21.0,33.0,45.31,12.3,0.61,0.968,0.955,0.012,0.941,1.64,2.25,0.61,2.05,1210.0,0.033,0.038,-0.005,116.0,130.08,-14.08,-0.03,527.0,984.0,0.18710000000000002,0.5506,0.5516,-0.0009,0.98,0.971,0.009,0.895,0.876,0.019,0.816,0.704,0.111,12.0
Ilya Bryzgalov,G,2880000,2013-14,0.0731,69000000,51000000,525000,MIN,32.0,81.0,82.81,1.8,0.06,0.953,0.952,0.001,0.909,2.68,2.74,0.06,0.3,1814.0,0.036,0.039,-0.003,199.0,204.77,-5.77,-0.01,810.0,1633.0,0.20129999999999998,0.5197999999999999,0.534,-0.014199999999999999,0.971,0.972,-0.001,0.908,0.88,0.028,0.608,0.661,-0.053,11.0
Martin Brodeur,G,700000,2013-14,0.0731,69000000,51000000,525000,NJD,39.0,96.0,77.77,-18.2,-0.475,0.942,0.953,-0.011,0.901,2.51,2.03,-0.48,-3.04,2296.0,0.034,0.038,-0.004,191.0,209.36,-18.36,-0.02,875.0,1561.0,0.1833,0.586,0.5607,0.0253,0.951,0.972,-0.021,0.904,0.879,0.025,0.615,0.656,-0.041,21.0
Sergei Bobrovsky,G,7425000,2013-14,0.0731,69000000,51000000,525000,CBJ,58.0,131.0,124.79,-6.2,-0.113,0.956,0.958,-0.002,0.923,2.38,2.27,-0.11,-1.03,3299.0,0.037,0.039,-0.002,324.0,369.07,-45.07,-0.03,1568.0,2826.0,0.19519999999999998,0.5746,0.5413,0.0333,0.971,0.973,-0.002,0.884,0.88,0.004,0.616,0.657,-0.041,14.0
Antti Niemi,G,4500000,2014-15,0.0348,71400000,52800000,575000,SJS,61.0,155.0,165.46,10.5,0.177,0.956,0.953,0.003,0.914,2.61,2.78,0.18,1.74,3567.0,0.041,0.038,0.003,463.0,421.91,41.09,0.02,1656.0,3331.0,0.21059999999999998,0.5195000000000001,0.5278,-0.0083,0.976,0.972,0.004,0.87,0.878,-0.007,0.705,0.672,0.032,23.0
Devan Dubnyk,G,4333333,2014-15,0.0348,71400000,52800000,575000,MIN,58.0,115.0,135.76,20.8,0.378,0.964,0.957,0.007,0.929,2.09,2.47,0.38,3.46,3303.0,0.034,0.037,-0.003,405.0,377.85,27.15,0.02,1510.0,3068.0,0.2177,0.5105,0.5171,-0.006500000000000001,0.978,0.972,0.006,0.897,0.882,0.016,0.696,0.669,0.027,11.0
Curtis McElhinney,G,800000,2014-15,0.0348,71400000,52800000,575000,CBJ,32.0,82.0,80.29,-1.7,-0.06,0.951,0.952,-0.001,0.914,2.88,2.82,-0.06,-0.28,1710.0,0.043,0.04,0.004,199.0,208.73,-9.73,-0.01,867.0,1587.0,0.19140000000000001,0.5686,0.5468999999999999,0.0217,0.971,0.972,-0.0,0.888,0.882,0.007,0.644,0.686,-0.042,22.0
Philipp Grubauer,G,750000,2013-14,0.0731,69000000,51000000,525000,WSH,17.0,35.0,36.9,1.9,0.129,0.96,0.957,0.002,0.925,2.38,2.51,0.13,0.32,883.0,0.036,0.038,-0.002,119.0,108.97,10.03,0.02,434.0,832.0,0.20170000000000002,0.5409,0.5335,0.0075,0.973,0.972,0.002,0.884,0.879,0.005,0.706,0.687,0.019,17.0
Braden Holtby,G,6100000,2014-15,0.0348,71400000,52800000,575000,WSH,73.0,157.0,175.45,18.4,0.261,0.96,0.955,0.005,0.923,2.23,2.49,0.26,3.07,4227.0,0.033,0.038,-0.005,537.0,463.09,73.91,0.04,1887.0,3773.0,0.21539999999999998,0.5201,0.5219,-0.0018,0.97,0.972,-0.002,0.928,0.88,0.047,0.662,0.685,-0.023,10.0
Jake Allen,G,2350000,2014-15,0.0348,71400000,52800000,575000,STL,37.0,79.0,79.64,0.6,0.017,0.955,0.955,0.0,0.913,2.28,2.3,0.02,0.11,2076.0,0.038,0.037,0.001,242.0,211.61,30.39,0.03,830.0,1692.0,0.2188,0.5133,0.5204,-0.0072,0.965,0.971,-0.006,0.886,0.883,0.004,0.74,0.665,0.074,4.0
Karri Ramo,G,3800000,2014-15,0.0348,71400000,52800000,575000,CGY,34.0,75.0,78.92,3.9,0.135,0.957,0.954,0.002,0.912,2.6,2.73,0.14,0.65,1731.0,0.033,0.035,-0.002,191.0,197.58,-6.58,-0.01,777.0,1652.0,0.23850000000000002,0.49329999999999996,0.5015,-0.008199999999999999,0.974,0.971,0.002,0.907,0.88,0.027,0.6,0.661,-0.061,16.0
Richard Bachman,G,575000,2014-15,0.0348,71400000,52800000,575000,EDM,6.0,15.0,17.95,2.9,0.549,0.953,0.944,0.009,0.911,2.84,3.4,0.56,0.49,316.0,0.046,0.039,0.007,47.0,37.73,9.27,0.06,153.0,306.0,0.20350000000000001,0.5234000000000001,0.5287,-0.0054,0.982,0.968,0.014,0.875,0.879,-0.004,0.75,0.703,0.048,28.0
Martin Jones,G,3000000,2014-15,0.0348,71400000,52800000,575000,LAK,15.0,29.0,28.37,-0.6,-0.046,0.949,0.95,-0.001,0.906,2.24,2.2,-0.05,-0.1,775.0,0.035,0.041,-0.006,74.0,74.19,-0.19,0.0,278.0,542.0,0.1772,0.5377000000000001,0.5672,-0.029500000000000002,0.971,0.968,0.002,0.884,0.878,0.006,0.591,0.679,-0.088,18.0
Michal Neuvirth,G,1625000,2014-15,0.0348,71400000,52800000,575000,NYI,32.0,92.0,94.68,2.7,0.088,0.954,0.952,0.001,0.914,2.98,3.07,0.09,0.45,1849.0,0.031,0.039,-0.007,294.0,236.1,57.9,0.05,975.0,1899.0,0.20329999999999998,0.5359,0.5299,0.006,0.968,0.97,-0.002,0.889,0.882,0.007,0.711,0.672,0.039,9.0
Jhonas Enroth,G,1250000,2014-15,0.0348,71400000,52800000,575000,DAL,50.0,145.0,133.9,-11.1,-0.235,0.951,0.955,-0.004,0.904,3.07,2.84,-0.24,-1.85,2833.0,0.033,0.037,-0.004,310.0,345.44,-35.44,-0.02,1359.0,2829.0,0.2213,0.5057,0.5115999999999999,-0.0058,0.97,0.971,-0.001,0.87,0.88,-0.01,0.633,0.679,-0.046,19.0
John Gibson,G,2300000,2014-15,0.0348,71400000,52800000,575000,ANA,23.0,58.0,55.44,-2.6,-0.118,0.952,0.955,-0.002,0.914,2.64,2.52,-0.12,-0.43,1319.0,0.038,0.038,0.0,183.0,151.21,31.79,0.05,616.0,1162.0,0.1942,0.5525,0.5437,0.0087,0.982,0.972,0.01,0.839,0.88,-0.041,0.612,0.674,-0.062,3.0
Jonas Gustavsson,G,700000,2014-15,0.0348,71400000,52800000,575000,DET,7.0,15.0,14.54,-0.5,-0.085,0.949,0.951,-0.002,0.911,2.56,2.48,-0.08,-0.08,351.0,0.035,0.041,-0.005,33.0,38.65,-5.65,-0.03,153.0,282.0,0.1727,0.5657,0.5629,0.0028000000000000004,0.977,0.971,0.006,0.857,0.878,-0.02,0.636,0.679,-0.043,12.0
Cam Talbot,G,4166666,2014-15,0.0348,71400000,52800000,575000,NYR,36.0,77.0,88.63,11.6,0.332,0.961,0.955,0.006,0.926,2.21,2.54,0.33,1.94,2094.0,0.031,0.039,-0.008,293.0,244.24,48.76,0.05,961.0,1879.0,0.19510000000000002,0.5307,0.5457,-0.015,0.972,0.973,-0.0,0.924,0.879,0.046,0.675,0.683,-0.007,1.0
Laurent Brossoit,G,750000,2014-15,0.0348,71400000,52800000,575000,EDM,1.0,2.0,6.42,4.4,4.43,0.979,0.932,0.047,0.961,2.01,6.46,4.45,0.74,59.0,0.12,0.042,0.078,9.0,12.39,-3.39,-0.07,49.0,92.0,0.2034,0.5426,0.5498,-0.0072,1.0,0.973,0.027,0.917,0.872,0.045,1.0,0.74,0.26,28.0
Ray Emery,G,575000,2014-15,0.0348,71400000,52800000,575000,PHI,31.0,80.0,71.29,-8.7,-0.333,0.945,0.951,-0.006,0.894,3.06,2.73,-0.33,-1.45,1569.0,0.051,0.038,0.013,163.0,179.76,-16.76,-0.02,678.0,1380.0,0.2108,0.5192,0.5337,-0.014499999999999999,0.969,0.971,-0.002,0.868,0.878,-0.01,0.585,0.666,-0.082,24.0
Antti Raanta,G,1000000,2014-15,0.0348,71400000,52800000,575000,CHI,14.0,25.0,29.86,4.9,0.371,0.964,0.957,0.007,0.936,1.89,2.26,0.37,0.81,792.0,0.026,0.04,-0.014,98.0,83.95,14.05,0.04,364.0,663.0,0.1991,0.5654,0.5439,0.0216,0.977,0.972,0.006,0.938,0.88,0.058,0.545,0.683,-0.138,7.0
Calvin Pickard,G,1000000,2015-16,0.022400000000000003,73000000,54000000,575000,COL,20.0,42.0,47.81,5.8,0.355,0.96,0.954,0.006,0.922,2.57,2.93,0.36,0.97,980.0,0.037,0.04,-0.003,122.0,118.33,3.67,0.01,497.0,997.0,0.2182,0.5188,0.5143,0.0044,0.976,0.97,0.007,0.866,0.875,-0.009,0.816,0.716,0.099,21.0
Darcy Kuemper,G,1550000,2015-16,0.022400000000000003,73000000,54000000,575000,MIN,21.0,43.0,43.07,0.1,0.006,0.957,0.957,0.0,0.915,2.43,2.43,0.0,0.01,1063.0,0.035,0.038,-0.003,138.0,118.78,19.22,0.04,464.0,950.0,0.2107,0.5106,0.5209,-0.0103,0.967,0.972,-0.004,0.872,0.878,-0.005,0.811,0.724,0.087,11.0
Anders Nilsson,G,1000000,2015-16,0.022400000000000003,73000000,54000000,575000,STL,29.0,78.0,72.04,-6.0,-0.24,0.945,0.949,-0.004,0.901,3.12,2.88,-0.24,-0.99,1500.0,0.043,0.04,0.003,170.0,179.59,-9.59,-0.01,711.0,1341.0,0.1859,0.556,0.5523,0.0037,0.966,0.969,-0.004,0.849,0.877,-0.028,0.721,0.669,0.053,4.0
Anton Khudobin,G,1200000,2015-16,0.022400000000000003,73000000,54000000,575000,ANA,9.0,16.0,18.21,2.2,0.37,0.953,0.946,0.006,0.909,2.69,3.07,0.37,0.37,356.0,0.046,0.04,0.006,35.0,39.87,-4.87,-0.03,159.0,324.0,0.20929999999999999,0.5146999999999999,0.5254,-0.010700000000000001,0.966,0.971,-0.005,0.873,0.884,-0.012,0.842,0.648,0.194,3.0
Jake Allen,G,4350000,2015-16,0.022400000000000003,73000000,54000000,575000,STL,47.0,101.0,104.62,3.6,0.084,0.956,0.954,0.002,0.92,2.35,2.43,0.08,0.6,2583.0,0.04,0.039,0.001,337.0,282.23,54.77,0.04,1160.0,2169.0,0.2032,0.5555,0.5416,0.0139,0.972,0.972,0.0,0.878,0.88,-0.001,0.71,0.673,0.037,4.0
Carter Hutton,G,1125000,2015-16,0.022400000000000003,73000000,54000000,575000,NSH,17.0,38.0,37.77,-0.2,-0.012,0.959,0.959,-0.0,0.918,2.33,2.31,-0.01,-0.04,978.0,0.039,0.037,0.002,119.0,108.56,10.44,0.02,426.0,878.0,0.21710000000000002,0.5065999999999999,0.5153,-0.0088,0.965,0.971,-0.006,0.869,0.875,-0.006,0.846,0.707,0.139,6.0
Jeff Zatkoff,G,900000,2015-16,0.022400000000000003,73000000,54000000,575000,PIT,14.0,34.0,31.02,-3.0,-0.246,0.949,0.954,-0.004,0.917,2.79,2.54,-0.24,-0.5,732.0,0.036,0.039,-0.003,96.0,91.72,4.28,0.01,374.0,637.0,0.17059999999999997,0.608,0.5738,0.0342,0.979,0.972,0.007,0.838,0.879,-0.042,0.538,0.633,-0.095,15.0
Chad Johnson,G,1700000,2015-16,0.022400000000000003,73000000,54000000,575000,BUF,45.0,102.0,112.51,10.5,0.243,0.957,0.953,0.004,0.92,2.36,2.61,0.24,1.75,2591.0,0.034,0.04,-0.006,328.0,293.0,35.0,0.03,1169.0,2269.0,0.19329999999999997,0.5361,0.5445,-0.0084,0.982,0.97,0.011,0.875,0.879,-0.003,0.622,0.664,-0.041,30.0
Jonas Gustavsson,G,800000,2015-16,0.022400000000000003,73000000,54000000,575000,BOS,24.0,57.0,56.46,-0.5,-0.024,0.95,0.95,-0.0,0.909,2.72,2.69,-0.03,-0.09,1258.0,0.033,0.039,-0.006,132.0,141.4,-9.4,-0.02,566.0,1081.0,0.1935,0.5475,0.5466,0.0008,0.969,0.972,-0.003,0.9,0.878,0.022,0.604,0.648,-0.044,17.0
Al Montoya,G,950000,2015-16,0.022400000000000003,73000000,54000000,575000,FLA,25.0,49.0,53.52,4.5,0.2,0.957,0.953,0.004,0.919,2.18,2.38,0.2,0.75,1351.0,0.04,0.039,0.001,168.0,143.69,24.31,0.04,559.0,1080.0,0.1889,0.5385,0.5472,-0.0087,0.979,0.972,0.007,0.841,0.877,-0.036,0.787,0.673,0.114,20.0
Andrei Vasilevskiy,G,3500000,2015-16,0.022400000000000003,73000000,54000000,575000,TBL,24.0,58.0,51.48,-6.5,-0.31,0.952,0.957,-0.005,0.91,2.76,2.45,-0.31,-1.09,1258.0,0.028,0.039,-0.011,167.0,147.78,19.22,0.03,588.0,1149.0,0.20170000000000002,0.5352,0.527,0.008199999999999999,0.962,0.97,-0.009,0.867,0.882,-0.014,0.727,0.664,0.063,5.0
James Reimer,G,3400000,2015-16,0.022400000000000003,73000000,54000000,575000,SJS,40.0,88.0,99.11,11.1,0.291,0.958,0.952,0.005,0.922,2.31,2.6,0.29,1.85,2290.0,0.028,0.038,-0.01,290.0,260.95,29.05,0.03,1040.0,1990.0,0.1949,0.5428000000000001,0.5436,-0.0007000000000000001,0.974,0.972,0.003,0.894,0.882,0.011,0.696,0.641,0.055,23.0
Jhonas Enroth,G,750000,2015-16,0.022400000000000003,73000000,54000000,575000,LAK,16.0,31.0,37.23,6.2,0.434,0.958,0.949,0.008,0.922,2.17,2.61,0.44,1.04,856.0,0.038,0.039,-0.001,101.0,92.59,8.41,0.02,368.0,702.0,0.2007,0.5443,0.541,0.0033,0.973,0.971,0.001,0.917,0.878,0.039,0.711,0.671,0.039,18.0
Matt Murray,G,3750000,2015-16,0.022400000000000003,73000000,54000000,575000,PIT,13.0,25.0,30.36,5.4,0.433,0.959,0.95,0.009,0.93,2.0,2.43,0.43,0.89,748.0,0.037,0.039,-0.002,92.0,73.58,18.42,0.05,330.0,588.0,0.1966,0.5791,0.5425,0.0366,0.974,0.971,0.003,0.886,0.877,0.009,0.786,0.661,0.125,15.0
Thomas Greiss,G,3333333,2015-16,0.022400000000000003,73000000,54000000,575000,NYI,41.0,90.0,102.18,12.2,0.32,0.96,0.955,0.005,0.925,2.36,2.68,0.32,2.03,2287.0,0.033,0.038,-0.005,249.0,258.99,-9.99,-0.01,1107.0,2157.0,0.21539999999999998,0.5327000000000001,0.5182,0.014499999999999999,0.974,0.971,0.003,0.921,0.876,0.044,0.588,0.66,-0.072,9.0
Al Montoya,G,1062500,2015-16,0.022400000000000003,73000000,54000000,575000,FLA,25.0,49.0,53.52,4.5,0.2,0.957,0.953,0.004,0.919,2.18,2.38,0.2,0.75,1351.0,0.04,0.039,0.001,168.0,143.69,24.31,0.04,559.0,1080.0,0.1889,0.5385,0.5472,-0.0087,0.979,0.972,0.007,0.841,0.877,-0.036,0.787,0.673,0.114,20.0
Curtis McElhinney,G,850000,2016-17,0.0274,75000000,55400000,650000,TOR,21.0,51.0,58.93,7.9,0.418,0.954,0.947,0.007,0.917,2.7,3.12,0.42,1.32,1134.0,0.047,0.039,0.008,115.0,145.35,-30.35,-0.05,565.0,1055.0,0.1844,0.557,0.5650999999999999,-0.008199999999999999,0.965,0.972,-0.007,0.904,0.881,0.023,0.794,0.657,0.137,30.0
Keith Kinkaid,G,1250000,2016-17,0.0274,75000000,55400000,650000,NJD,26.0,65.0,72.37,7.4,0.301,0.953,0.948,0.005,0.917,2.64,2.94,0.3,1.23,1476.0,0.04,0.038,0.001,201.0,176.51,24.49,0.03,714.0,1330.0,0.1974,0.5584,0.5443,0.0141,0.978,0.97,0.008,0.883,0.879,0.004,0.647,0.64,0.007,20.0
Mike Condon,G,2400000,2016-17,0.0274,75000000,55400000,650000,OTT,41.0,96.0,97.93,1.9,0.049,0.957,0.956,0.001,0.914,2.48,2.53,0.05,0.32,2324.0,0.037,0.037,0.0,266.0,268.31,-2.31,0.0,1026.0,2138.0,0.2134,0.5022,0.5169,-0.0147,0.968,0.971,-0.003,0.88,0.881,-0.002,0.756,0.684,0.072,19.0
Anton Forsberg,G,750000,2016-17,0.0274,75000000,55400000,650000,CBJ,1.0,4.0,2.15,-1.9,-1.946,0.92,0.957,-0.037,0.852,4.1,2.2,-1.89,-0.31,58.0,0.043,0.037,0.007,9.0,6.63,2.37,0.09,23.0,46.0,0.18030000000000002,0.54,0.5488000000000001,-0.0088,1.0,0.969,0.031,0.5,0.903,-0.403,0.5,0.69,-0.19,27.0
Peter Budaj,G,1025000,2016-17,0.0274,75000000,55400000,650000,TBL,60.0,120.0,130.4,10.4,0.189,0.957,0.953,0.004,0.915,2.18,2.36,0.19,1.73,3308.0,0.033,0.038,-0.004,306.0,335.18,-29.18,-0.02,1294.0,2643.0,0.20989999999999998,0.5118,0.5318999999999999,-0.0202,0.971,0.97,0.001,0.899,0.878,0.021,0.67,0.667,0.003,12.0
Linus Ullmark,G,750000,2016-17,0.0274,75000000,55400000,650000,BUF,1.0,3.0,3.78,0.8,0.817,0.945,0.931,0.014,0.917,3.06,3.86,0.8,0.13,58.0,0.038,0.047,-0.008,18.0,7.02,10.98,0.31,33.0,52.0,0.1791,0.6545000000000001,0.5661999999999999,0.08839999999999999,0.96,0.961,-0.001,0.929,0.873,0.056,0.75,0.745,0.005,23.0
Joonas Korpisalo,G,900000,2015-16,0.022400000000000003,73000000,54000000,575000,CBJ,31.0,78.0,84.42,6.4,0.213,0.958,0.954,0.003,0.92,2.6,2.81,0.21,1.07,1803.0,0.037,0.036,0.001,224.0,227.85,-3.85,0.0,891.0,1774.0,0.2126,0.5232,0.5241,-0.0009,0.974,0.972,0.002,0.886,0.882,0.005,0.712,0.672,0.04,22.0
Robin Lehner,G,4000000,2016-17,0.0274,75000000,55400000,650000,BUF,59.0,152.0,152.51,0.5,0.009,0.954,0.954,0.0,0.921,2.68,2.69,0.01,0.08,3405.0,0.039,0.04,-0.001,378.0,424.2,-46.2,-0.02,1760.0,3169.0,0.1852,0.5757,0.551,0.024700000000000003,0.978,0.972,0.006,0.871,0.881,-0.01,0.602,0.66,-0.058,23.0
Connor Hellebuyck,G,2250000,2016-17,0.0274,75000000,55400000,650000,WPG,55.0,144.0,136.35,-7.7,-0.153,0.949,0.952,-0.003,0.908,2.87,2.71,-0.15,-1.28,3013.0,0.042,0.039,0.003,339.0,350.03,-11.03,-0.01,1423.0,2706.0,0.20170000000000002,0.5498,0.5346,0.0152,0.965,0.97,-0.005,0.868,0.878,-0.01,0.68,0.643,0.037,25.0
Philipp Grubauer,G,1500000,2016-17,0.0274,75000000,55400000,650000,WSH,24.0,43.0,54.51,11.5,0.546,0.961,0.951,0.01,0.926,2.04,2.59,0.55,1.92,1264.0,0.047,0.04,0.007,152.0,139.79,12.21,0.02,542.0,1065.0,0.20120000000000002,0.528,0.5395,-0.0115,0.983,0.972,0.012,0.918,0.882,0.036,0.64,0.681,-0.041,1.0
Reto Berra,G,700000,2016-17,0.0274,75000000,55400000,650000,FLA,7.0,18.0,14.83,-3.2,-0.613,0.932,0.944,-0.012,0.876,3.45,2.84,-0.61,-0.53,313.0,0.073,0.043,0.031,32.0,34.62,-2.62,-0.02,127.0,245.0,0.16510000000000002,0.5513,0.5697,-0.0184,0.96,0.971,-0.011,0.844,0.88,-0.035,0.688,0.682,0.006,6.0
Carey Price,G,10500000,2016-17,0.0274,75000000,55400000,650000,MTL,62.0,138.0,156.05,18.1,0.293,0.959,0.954,0.005,0.923,2.23,2.52,0.29,3.01,3708.0,0.035,0.037,-0.002,475.0,402.05,72.95,0.04,1656.0,3240.0,0.2231,0.5311,0.5154,0.015700000000000002,0.97,0.972,-0.002,0.891,0.874,0.016,0.757,0.662,0.095,22.0
Martin Jones,G,5750000,2016-17,0.0274,75000000,55400000,650000,SJS,64.0,150.0,159.08,9.1,0.146,0.957,0.954,0.003,0.911,2.41,2.55,0.15,1.51,3739.0,0.037,0.037,0.0,380.0,397.02,-17.02,-0.01,1542.0,3305.0,0.2262,0.48969999999999997,0.5094,-0.0197,0.97,0.971,-0.001,0.895,0.877,0.018,0.688,0.67,0.018,11.0
Darcy Kuemper,G,650000,2016-17,0.0274,75000000,55400000,650000,MIN,18.0,55.0,44.5,-10.5,-0.598,0.947,0.957,-0.01,0.902,3.13,2.54,-0.6,-1.75,1053.0,0.04,0.037,0.003,134.0,132.58,1.42,0.0,507.0,991.0,0.196,0.5373,0.5307999999999999,0.006500000000000001,0.957,0.973,-0.016,0.863,0.879,-0.016,0.735,0.697,0.038,17.0
Steve Mason,G,4100000,2016-17,0.0274,75000000,55400000,650000,PHI,58.0,143.0,142.89,-0.1,-0.002,0.953,0.953,-0.0,0.908,2.66,2.66,-0.0,-0.02,3224.0,0.042,0.036,0.005,366.0,361.07,4.93,0.0,1413.0,2878.0,0.2208,0.5151,0.5183,-0.0033,0.979,0.971,0.008,0.866,0.876,-0.01,0.617,0.683,-0.066,14.0
Ryan Miller,G,2000000,2016-17,0.0274,75000000,55400000,650000,VAN,54.0,150.0,146.94,-3.1,-0.058,0.95,0.951,-0.001,0.914,2.8,2.74,-0.06,-0.51,3211.0,0.034,0.041,-0.007,466.0,375.36,90.64,0.05,1587.0,2848.0,0.1855,0.5794,0.5537,0.025699999999999997,0.972,0.972,0.001,0.876,0.876,0.0,0.623,0.66,-0.037,28.0
Antti Niemi,G,700000,2016-17,0.0274,75000000,55400000,650000,DAL,37.0,95.0,87.62,-7.4,-0.257,0.945,0.949,-0.004,0.892,3.3,3.04,-0.26,-1.23,1728.0,0.054,0.038,0.017,184.0,210.97,-26.97,-0.03,786.0,1637.0,0.2152,0.5086999999999999,0.5235,-0.0148,0.967,0.972,-0.005,0.863,0.878,-0.015,0.667,0.658,0.008,2.0
Chad Johnson,G,2500000,2016-17,0.0274,75000000,55400000,650000,CGY,36.0,87.0,94.7,7.7,0.229,0.953,0.949,0.004,0.91,2.59,2.82,0.23,1.28,2013.0,0.044,0.039,0.004,254.0,224.21,29.79,0.03,882.0,1763.0,0.1984,0.5238,0.5379999999999999,-0.014199999999999999,0.971,0.971,0.0,0.894,0.879,0.015,0.689,0.651,0.038,26.0
Jonathan Bernier,G,2750000,2016-17,0.0274,75000000,55400000,650000,ANA,39.0,83.0,81.91,-1.1,-0.033,0.958,0.959,-0.001,0.915,2.5,2.47,-0.03,-0.18,1993.0,0.035,0.039,-0.004,268.0,245.89,22.11,0.02,899.0,1902.0,0.1999,0.4947,0.5288,-0.0341,0.977,0.972,0.005,0.865,0.88,-0.015,0.636,0.685,-0.049,7.0
Brian Elliott,G,2750000,2016-17,0.0274,75000000,55400000,650000,CGY,49.0,121.0,123.04,2.0,0.042,0.951,0.95,0.001,0.91,2.57,2.61,0.04,0.34,2824.0,0.039,0.039,0.0,391.0,304.99,86.01,0.06,1219.0,2361.0,0.2027,0.5399,0.5373,0.0026,0.978,0.972,0.006,0.837,0.873,-0.036,0.69,0.638,0.052,26.0
Ondrej Pavelec,G,1300000,2016-17,0.0274,75000000,55400000,650000,WPG,8.0,26.0,20.62,-5.4,-0.737,0.935,0.949,-0.013,0.888,3.55,2.82,-0.73,-0.9,439.0,0.059,0.039,0.02,58.0,49.19,8.81,0.04,207.0,375.0,0.2091,0.581,0.5388000000000001,0.042199999999999994,0.963,0.97,-0.007,0.887,0.876,0.011,0.353,0.621,-0.268,25.0
Anders Nilsson,G,2500000,2016-17,0.0274,75000000,55400000,650000,BUF,26.0,66.0,77.75,11.8,0.477,0.957,0.95,0.008,0.923,2.67,3.14,0.47,1.96,1484.0,0.048,0.041,0.007,219.0,195.95,23.05,0.03,792.0,1479.0,0.1843,0.5553,0.5523,0.003,0.976,0.971,0.006,0.914,0.879,0.035,0.648,0.67,-0.022,23.0
Craig Anderson,G,4750000,2016-17,0.0274,75000000,55400000,650000,OTT,40.0,92.0,102.59,10.6,0.263,0.962,0.958,0.004,0.926,2.28,2.54,0.26,1.77,2421.0,0.033,0.036,-0.003,283.0,291.91,-8.91,-0.01,1155.0,2343.0,0.2223,0.5121,0.5086999999999999,0.0034000000000000002,0.972,0.972,0.001,0.92,0.881,0.039,0.651,0.68,-0.029,19.0
Aaron Dell,G,1900000,2016-17,0.0274,75000000,55400000,650000,SJS,20.0,37.0,49.84,12.8,0.692,0.966,0.954,0.012,0.931,2.0,2.69,0.69,2.14,1110.0,0.038,0.036,0.002,124.0,126.11,-2.11,0.0,496.0,1040.0,0.228,0.4949,0.5023,-0.0074,0.987,0.972,0.016,0.901,0.879,0.023,0.659,0.649,0.01,11.0
Darcy Kuemper,G,1850000,2016-17,0.0274,75000000,55400000,650000,MIN,18.0,55.0,44.5,-10.5,-0.598,0.947,0.957,-0.01,0.902,3.13,2.54,-0.6,-1.75,1053.0,0.04,0.037,0.003,134.0,132.58,1.42,0.0,507.0,991.0,0.196,0.5373,0.5307999999999999,0.006500000000000001,0.957,0.973,-0.016,0.863,0.879,-0.016,0.735,0.697,0.038,17.0
Charlie Lindgren,G,750000,2016-17,0.0274,75000000,55400000,650000,MTL,2.0,3.0,4.75,1.8,0.887,0.968,0.949,0.019,0.949,1.48,2.34,0.86,0.29,121.0,0.0,0.041,-0.041,20.0,11.56,8.44,0.14,56.0,90.0,0.1226,0.6344,0.6051,0.0294,0.967,0.97,-0.003,0.941,0.875,0.066,1.0,0.737,0.263,22.0
Antti Raanta,G,4250000,2016-17,0.0274,75000000,55400000,650000,NYR,30.0,61.0,69.48,8.5,0.315,0.958,0.953,0.006,0.922,2.26,2.58,0.31,1.41,1617.0,0.033,0.037,-0.004,179.0,181.17,-2.17,0.0,721.0,1403.0,0.2065,0.5342,0.5322,0.0019,0.976,0.971,0.005,0.877,0.879,-0.002,0.737,0.654,0.083,9.0
Antti Niemi,G,950000,2016-17,0.0274,75000000,55400000,650000,DAL,37.0,95.0,87.62,-7.4,-0.257,0.945,0.949,-0.004,0.892,3.3,3.04,-0.26,-1.23,1728.0,0.054,0.038,0.017,184.0,210.97,-26.97,-0.03,786.0,1637.0,0.2152,0.5086999999999999,0.5235,-0.0148,0.967,0.972,-0.005,0.863,0.878,-0.015,0.667,0.658,0.008,2.0
Philipp Grubauer,G,3333333,2017-18,0.06,79500000,58800000,650000,WSH,35.0,73.0,91.52,18.5,0.601,0.96,0.95,0.01,0.923,2.37,2.97,0.6,3.09,1846.0,0.044,0.041,0.002,256.0,224.55,31.45,0.03,880.0,1761.0,0.1938,0.5196000000000001,0.5384,-0.018799999999999997,0.982,0.97,0.012,0.898,0.88,0.018,0.699,0.691,0.008,1.0
Louis Domingue,G,1150000,2017-18,0.06,79500000,58800000,650000,TBL,19.0,61.0,53.4,-7.6,-0.425,0.942,0.949,-0.007,0.894,3.41,2.98,-0.42,-1.27,1073.0,0.044,0.039,0.005,149.0,132.17,16.83,0.03,517.0,989.0,0.2003,0.5505,0.5393,0.011200000000000002,0.956,0.97,-0.014,0.866,0.876,-0.01,0.698,0.661,0.037,16.0
David Rittich,G,800000,2017-18,0.06,79500000,58800000,650000,CGY,21.0,49.0,45.99,-3.0,-0.179,0.949,0.952,-0.003,0.904,2.92,2.74,-0.18,-0.5,1008.0,0.039,0.038,0.001,130.0,114.86,15.14,0.03,463.0,918.0,0.20350000000000001,0.5295000000000001,0.5292,0.0003,0.966,0.97,-0.004,0.863,0.876,-0.013,0.744,0.715,0.029,15.0
Juuse Saros,G,1500000,2017-18,0.06,79500000,58800000,650000,NSH,26.0,61.0,70.48,9.5,0.381,0.959,0.952,0.006,0.925,2.45,2.83,0.38,1.58,1496.0,0.055,0.041,0.014,191.0,181.63,9.37,0.01,749.0,1413.0,0.1989,0.5495,0.5412,0.0083,0.971,0.969,0.002,0.918,0.878,0.04,0.71,0.714,-0.004,17.0
Connor Hellebuyck,G,6166666,2017-18,0.06,79500000,58800000,650000,WPG,67.0,156.0,166.61,10.6,0.16,0.959,0.957,0.003,0.924,2.36,2.52,0.16,1.77,3965.0,0.039,0.037,0.002,523.0,472.52,50.48,0.02,1892.0,3694.0,0.2052,0.5318999999999999,0.5266,0.0053,0.975,0.973,0.001,0.886,0.88,0.005,0.693,0.661,0.032,20.0
Robin Lehner,G,1500000,2017-18,0.06,79500000,58800000,650000,BUF,53.0,143.0,128.94,-14.1,-0.297,0.948,0.953,-0.005,0.908,3.01,2.71,-0.3,-2.34,2852.0,0.046,0.038,0.008,328.0,340.72,-12.72,-0.01,1418.0,2627.0,0.19190000000000002,0.5635,0.5401,0.023399999999999997,0.963,0.972,-0.009,0.873,0.878,-0.005,0.682,0.664,0.018,26.0
Cam Ward,G,3000000,2017-18,0.06,79500000,58800000,650000,CAR,43.0,112.0,99.43,-12.6,-0.307,0.948,0.954,-0.006,0.906,2.73,2.43,-0.31,-2.09,2459.0,0.042,0.038,0.004,265.0,270.76,-5.76,0.0,1075.0,2044.0,0.1955,0.5506,0.5439,0.0066,0.966,0.972,-0.006,0.885,0.879,0.006,0.602,0.686,-0.083,21.0
Laurent Brossoit,G,650000,2017-18,0.06,79500000,58800000,650000,EDM,14.0,40.0,31.8,-8.2,-0.665,0.939,0.952,-0.012,0.884,3.24,2.58,-0.66,-1.37,740.0,0.032,0.035,-0.003,87.0,72.61,14.39,0.04,304.0,621.0,0.22870000000000001,0.5204,0.4939,0.0265,0.949,0.97,-0.021,0.888,0.884,0.003,0.56,0.619,-0.059,7.0
Anton Khudobin,G,2500000,2017-18,0.06,79500000,58800000,650000,BOS,31.0,76.0,77.01,1.0,0.034,0.953,0.953,0.001,0.913,2.56,2.59,0.03,0.17,1780.0,0.036,0.038,-0.002,185.0,195.57,-10.57,-0.01,800.0,1547.0,0.2005,0.5397,0.5331,0.0066,0.975,0.972,0.003,0.874,0.88,-0.006,0.667,0.667,-0.001,13.0
Jonathan Bernier,G,3000000,2017-18,0.06,79500000,58800000,650000,COL,36.0,94.0,82.43,-11.6,-0.359,0.952,0.958,-0.006,0.912,2.91,2.55,-0.36,-1.93,1941.0,0.049,0.038,0.011,284.0,236.97,47.03,0.04,971.0,1855.0,0.20379999999999998,0.5464,0.524,0.022400000000000003,0.969,0.973,-0.004,0.857,0.88,-0.023,0.667,0.691,-0.024,30.0
Carter Hutton,G,2750000,2017-18,0.06,79500000,58800000,650000,STL,32.0,56.0,66.95,11.0,0.41,0.963,0.956,0.007,0.931,2.09,2.5,0.41,1.83,1609.0,0.043,0.037,0.006,189.0,179.54,9.46,0.01,754.0,1470.0,0.2238,0.5307999999999999,0.5132,0.0176,0.981,0.972,0.009,0.882,0.879,0.004,0.727,0.682,0.046,11.0
Michael Hutchinson,G,1300000,2017-18,0.06,79500000,58800000,650000,WPG,3.0,7.0,6.21,-0.8,-0.373,0.951,0.957,-0.005,0.907,3.26,2.89,-0.37,-0.13,128.0,0.044,0.038,0.006,31.0,18.08,12.92,0.17,68.0,137.0,0.21739999999999998,0.5207999999999999,0.5268999999999999,-0.0060999999999999995,0.947,0.974,-0.027,0.913,0.87,0.043,0.8,0.754,0.046,20.0
Chad Johnson,G,1750000,2017-18,0.06,79500000,58800000,650000,BUF,36.0,105.0,86.4,-18.6,-0.629,0.938,0.949,-0.011,0.891,3.55,2.92,-0.63,-3.1,1773.0,0.033,0.039,-0.007,209.0,211.49,-2.49,0.0,858.0,1586.0,0.1795,0.5695,0.5565,0.013000000000000001,0.97,0.971,-0.001,0.84,0.879,-0.039,0.556,0.656,-0.1,26.0
Pekka Rinne,G,5000000,2017-18,0.06,79500000,58800000,650000,NSH,59.0,134.0,153.95,19.9,0.344,0.959,0.953,0.006,0.927,2.31,2.66,0.34,3.32,3475.0,0.033,0.038,-0.005,492.0,397.79,94.21,0.05,1707.0,3168.0,0.2022,0.5575,0.5359,0.0217,0.973,0.972,0.001,0.902,0.878,0.024,0.698,0.634,0.065,17.0
Alex Stalock,G,785000,2017-18,0.06,79500000,58800000,650000,MIN,28.0,71.0,63.73,-7.3,-0.293,0.954,0.959,-0.005,0.91,2.85,2.56,-0.29,-1.21,1495.0,0.031,0.038,-0.006,193.0,182.2,10.8,0.01,716.0,1470.0,0.2077,0.5107,0.5194,-0.0087,0.97,0.97,-0.0,0.851,0.883,-0.032,0.681,0.695,-0.014,5.0
Casey DeSmith,G,1250000,2017-18,0.06,79500000,58800000,650000,PIT,14.0,28.0,33.22,5.2,0.446,0.958,0.95,0.008,0.921,2.4,2.85,0.45,0.87,700.0,0.047,0.038,0.009,84.0,79.92,4.08,0.01,328.0,637.0,0.20829999999999999,0.5353,0.5311,0.0042,0.986,0.973,0.012,0.901,0.875,0.026,0.556,0.633,-0.077,2.0
Collin Delia,G,1000000,2017-18,0.06,79500000,58800000,650000,CHI,2.0,7.0,4.0,-3.0,-1.698,0.936,0.963,-0.028,0.889,3.96,2.26,-1.7,-0.5,105.0,0.01,0.033,-0.023,11.0,11.6,-0.6,-0.01,56.0,102.0,0.24309999999999998,0.578,0.47259999999999996,0.1054,0.947,0.971,-0.024,0.8,0.871,-0.071,0.5,0.79,-0.29,3.0
Thatcher Demko,G,1050000,2017-18,0.06,79500000,58800000,650000,VAN,1.0,4.0,3.09,-0.9,-0.88,0.937,0.951,-0.014,0.867,3.91,3.02,-0.89,-0.15,61.0,0.017,0.035,-0.018,9.0,6.9,2.1,0.07,26.0,59.0,0.24100000000000002,0.47619999999999996,0.4921,-0.0159,1.0,0.971,0.029,0.889,0.886,0.003,0.0,0.613,-0.613,29.0
Anders Nilsson,G,2600000,2017-18,0.06,79500000,58800000,650000,VAN,27.0,84.0,73.16,-10.8,-0.443,0.944,0.951,-0.007,0.901,3.44,3.0,-0.44,-1.81,1463.0,0.032,0.041,-0.009,186.0,183.19,2.81,0.0,766.0,1404.0,0.1833,0.5711999999999999,0.5526,0.018600000000000002,0.964,0.97,-0.006,0.847,0.881,-0.034,0.742,0.707,0.035,29.0
Laurent Brossoit,G,1225000,2017-18,0.06,79500000,58800000,650000,EDM,14.0,40.0,31.8,-8.2,-0.665,0.939,0.952,-0.012,0.884,3.24,2.58,-0.66,-1.37,740.0,0.032,0.035,-0.003,87.0,72.61,14.39,0.04,304.0,621.0,0.22870000000000001,0.5204,0.4939,0.0265,0.949,0.97,-0.021,0.888,0.884,0.003,0.56,0.619,-0.059,7.0
Michael Hutchinson,G,700000,2018-19,0.0252,81500000,60200000,700000,TOR,9.0,27.0,19.28,-7.7,-0.931,0.94,0.957,-0.017,0.887,3.27,2.33,-0.93,-1.29,496.0,0.043,0.036,0.007,76.0,57.71,18.29,0.08,212.0,422.0,0.1996,0.5323,0.5378000000000001,-0.0055000000000000005,0.958,0.971,-0.012,0.821,0.885,-0.064,0.625,0.681,-0.056,6.0
Brian Elliott,G,2000000,2018-19,0.0252,81500000,60200000,700000,PHI,26.0,69.0,69.82,0.8,0.036,0.95,0.949,0.001,0.907,3.07,3.1,0.04,0.14,1350.0,0.057,0.038,0.019,206.0,167.29,38.71,0.05,671.0,1305.0,0.20850000000000002,0.5386,0.5311,0.0074,0.975,0.971,0.004,0.876,0.878,-0.002,0.63,0.655,-0.025,13.0
Ryan Miller,G,2325000,2018-19,0.0252,81500000,60200000,700000,ANA,20.0,51.0,51.51,0.5,0.027,0.953,0.953,0.0,0.912,2.76,2.79,0.03,0.08,1107.0,0.039,0.038,0.0,131.0,132.42,-1.42,0.0,526.0,1038.0,0.2022,0.5297999999999999,0.528,0.0018,0.972,0.97,0.002,0.884,0.88,0.004,0.659,0.688,-0.028,9.0
Andrei Vasilevskiy,G,9500000,2018-19,0.0252,81500000,60200000,700000,TBL,53.0,129.0,145.29,16.3,0.307,0.957,0.952,0.005,0.925,2.43,2.73,0.31,2.71,3187.0,0.041,0.038,0.002,343.0,361.65,-18.65,-0.01,1585.0,2902.0,0.19469999999999998,0.5655,0.5225,0.043,0.975,0.97,0.005,0.892,0.88,0.012,0.698,0.68,0.018,3.0
David Rittich,G,2750000,2018-19,0.0252,81500000,60200000,700000,CGY,45.0,109.0,114.68,5.7,0.137,0.952,0.949,0.003,0.911,2.61,2.75,0.14,0.95,2503.0,0.046,0.039,0.008,286.0,278.27,7.73,0.01,1119.0,2155.0,0.1917,0.5424,0.5413,0.0011,0.967,0.971,-0.004,0.888,0.878,0.01,0.735,0.671,0.064,20.0
Jordan Binnington,G,4400000,2018-19,0.0252,81500000,60200000,700000,STL,32.0,59.0,65.57,6.6,0.213,0.961,0.957,0.004,0.925,1.9,2.12,0.21,1.09,1859.0,0.033,0.037,-0.004,183.0,186.81,-3.81,0.0,730.0,1450.0,0.2066,0.5229,0.5268,-0.0039000000000000003,0.979,0.972,0.007,0.883,0.879,0.004,0.696,0.701,-0.004,18.0
Malcolm Subban,G,850000,2018-19,0.0252,81500000,60200000,700000,VGK,21.0,60.0,50.59,-9.4,-0.46,0.941,0.951,-0.009,0.902,2.93,2.47,-0.46,-1.57,1226.0,0.046,0.041,0.005,120.0,130.38,-10.38,-0.02,552.0,964.0,0.17550000000000002,0.5977,0.5619,0.035699999999999996,0.961,0.97,-0.01,0.873,0.881,-0.008,0.63,0.682,-0.051,5.0
Anthony Stolarz,G,750000,2018-19,0.0252,81500000,60200000,700000,EDM,18.0,51.0,41.07,-9.9,-0.684,0.939,0.951,-0.012,0.899,3.52,2.84,-0.69,-1.66,868.0,0.05,0.04,0.01,99.0,103.92,-4.92,-0.01,452.0,784.0,0.187,0.6024,0.5522,0.050199999999999995,0.959,0.969,-0.01,0.837,0.884,-0.047,0.757,0.718,0.039,23.0
Cam Talbot,G,2750000,2018-19,0.0252,81500000,60200000,700000,PHI,35.0,109.0,89.07,-19.9,-0.627,0.941,0.951,-0.011,0.891,3.44,2.81,-0.63,-3.32,1903.0,0.049,0.038,0.012,252.0,229.98,22.02,0.02,889.0,1724.0,0.2006,0.5445,0.5368999999999999,0.0075,0.958,0.97,-0.012,0.858,0.877,-0.019,0.646,0.674,-0.029,13.0
Mike Smith,G,3750000,2018-19,0.0252,81500000,60200000,700000,CGY,42.0,109.0,106.8,-2.2,-0.055,0.945,0.946,-0.001,0.898,2.72,2.67,-0.05,-0.37,2400.0,0.047,0.04,0.007,229.0,242.29,-13.29,-0.01,958.0,1882.0,0.1981,0.5359,0.5408,-0.0049,0.961,0.972,-0.011,0.881,0.877,0.004,0.734,0.658,0.076,20.0
Curtis McElhinney,G,1300000,2018-19,0.0252,81500000,60200000,700000,CAR,33.0,85.0,94.56,9.6,0.291,0.953,0.947,0.005,0.912,2.58,2.87,0.29,1.59,1977.0,0.05,0.039,0.012,228.0,225.38,2.62,0.0,883.0,1713.0,0.19440000000000002,0.5384,0.5475,-0.0091,0.981,0.971,0.01,0.842,0.879,-0.037,0.773,0.669,0.104,21.0
Robin Lehner,G,5000000,2018-19,0.0252,81500000,60200000,700000,NYI,46.0,93.0,108.82,15.8,0.365,0.963,0.957,0.006,0.93,2.15,2.52,0.37,2.64,2594.0,0.038,0.037,0.001,307.0,286.55,20.45,0.02,1229.0,2409.0,0.2139,0.5284,0.5032,0.025099999999999997,0.974,0.97,0.003,0.896,0.883,0.013,0.756,0.682,0.074,22.0
Keith Kinkaid,G,1750000,2018-19,0.0252,81500000,60200000,700000,NJD,41.0,129.0,107.66,-21.3,-0.565,0.942,0.951,-0.01,0.891,3.42,2.86,-0.57,-3.56,2260.0,0.04,0.037,0.003,319.0,278.81,40.19,0.03,1058.0,2083.0,0.1909,0.5366,0.5468999999999999,-0.0102,0.959,0.971,-0.012,0.881,0.88,0.001,0.582,0.654,-0.071,15.0
Sergei Bobrovsky,G,10000000,2018-19,0.0252,81500000,60200000,700000,CBJ,62.0,153.0,159.67,6.7,0.114,0.952,0.95,0.002,0.913,2.6,2.71,0.11,1.11,3536.0,0.043,0.039,0.004,436.0,395.74,40.26,0.02,1603.0,3024.0,0.19219999999999998,0.5527000000000001,0.5446,0.008100000000000001,0.963,0.97,-0.007,0.885,0.88,0.005,0.786,0.666,0.12,14.0
Semyon Varlamov,G,5000000,2018-19,0.0252,81500000,60200000,700000,COL,49.0,137.0,132.24,-4.8,-0.102,0.951,0.952,-0.002,0.908,2.91,2.81,-0.1,-0.79,2820.0,0.052,0.038,0.014,287.0,328.98,-41.98,-0.03,1360.0,2634.0,0.2132,0.5402,0.5155,0.0248,0.97,0.973,-0.003,0.88,0.879,0.001,0.652,0.654,-0.002,17.0
Calvin Pickard,G,750000,2018-19,0.0252,81500000,60200000,700000,ARI,17.0,48.0,38.59,-9.4,-0.755,0.934,0.947,-0.013,0.875,3.86,3.1,-0.76,-1.57,746.0,0.044,0.04,0.005,92.0,85.79,6.21,0.02,337.0,678.0,0.2126,0.5303,0.5243,0.006,0.96,0.97,-0.01,0.822,0.871,-0.049,0.689,0.702,-0.013,29.0
Joonas Korpisalo,G,1150000,2018-19,0.0252,81500000,60200000,700000,CBJ,27.0,67.0,56.18,-10.8,-0.476,0.944,0.953,-0.009,0.897,2.96,2.48,-0.48,-1.8,1360.0,0.049,0.035,0.014,177.0,142.52,34.48,0.05,584.0,1138.0,0.2078,0.5402,0.5095000000000001,0.0308,0.966,0.97,-0.004,0.814,0.877,-0.063,0.736,0.697,0.038,14.0
Linus Ullmark,G,1325000,2018-19,0.0252,81500000,60200000,700000,BUF,37.0,109.0,93.97,-15.0,-0.429,0.944,0.951,-0.008,0.905,3.12,2.69,-0.43,-2.51,2097.0,0.036,0.04,-0.004,270.0,236.11,33.89,0.03,1037.0,1827.0,0.18420000000000003,0.5919,0.5513,0.0406,0.961,0.97,-0.009,0.864,0.878,-0.014,0.681,0.688,-0.007,31.0
Jack Campbell,G,1650000,2018-19,0.0252,81500000,60200000,700000,LAK,31.0,61.0,71.72,10.7,0.404,0.962,0.955,0.007,0.928,2.3,2.71,0.4,1.79,1589.0,0.041,0.038,0.003,248.0,202.31,45.69,0.05,784.0,1546.0,0.1957,0.5257999999999999,0.5371,-0.0113,0.983,0.971,0.012,0.88,0.882,-0.002,0.703,0.705,-0.002,12.0
Darcy Kuemper,G,4500000,2018-19,0.0252,81500000,60200000,700000,ARI,55.0,127.0,135.21,8.2,0.151,0.96,0.958,0.003,0.924,2.34,2.5,0.15,1.37,3251.0,0.039,0.036,0.003,378.0,378.65,-0.65,0.0,1549.0,3073.0,0.2126,0.5238,0.5163,0.0075,0.974,0.973,0.001,0.893,0.88,0.013,0.701,0.695,0.006,29.0
Pavel Francouz,G,2000000,2018-19,0.0252,81500000,60200000,700000,COL,2.0,2.0,2.57,0.6,0.588,0.966,0.956,0.01,0.938,1.96,2.52,0.56,0.09,61.0,0.07,0.037,0.034,7.0,6.78,0.22,0.01,30.0,57.0,0.2133,0.5424,0.5036999999999999,0.038599999999999995,0.967,0.97,-0.003,1.0,0.88,0.12,0.0,0.79,-0.79,17.0
Alex Lyon,G,700000,2018-19,0.0252,81500000,60200000,700000,PHI,2.0,6.0,2.53,-3.5,-2.965,0.889,0.953,-0.064,0.806,5.08,2.14,-2.94,-0.58,70.0,0.042,0.038,0.003,7.0,6.82,0.18,0.01,25.0,48.0,0.1818,0.5740999999999999,0.5598,0.0143,0.912,0.971,-0.06,0.8,0.868,-0.068,0.333,0.7,-0.367,13.0
Adin Hill,G,800000,2018-19,0.0252,81500000,60200000,700000,ARI,13.0,34.0,30.24,-3.8,-0.337,0.946,0.952,-0.006,0.895,3.02,2.68,-0.33,-0.63,676.0,0.05,0.038,0.012,65.0,76.84,-11.84,-0.04,289.0,597.0,0.2003,0.5119,0.5265,-0.0146,0.957,0.971,-0.013,0.883,0.881,0.002,0.714,0.689,0.026,29.0
Linus Ullmark,G,2600000,2019-20,0.0,81500000,60200000,700000,BUF,34.0,92.0,85.64,-6.4,-0.19,0.948,0.952,-0.004,0.914,2.72,2.54,-0.19,-1.06,2026.0,0.036,0.041,-0.005,255.0,224.28,30.72,0.03,972.0,1691.0,0.1707,0.5967,0.5587,0.0381,0.977,0.971,0.007,0.848,0.878,-0.03,0.583,0.672,-0.089,27.0
Alexandar Georgiev,G,2425000,2019-20,0.0,81500000,60200000,700000,NYR,34.0,96.0,95.92,-0.1,-0.003,0.951,0.951,-0.0,0.91,3.05,3.04,-0.0,-0.01,1891.0,0.046,0.04,0.005,239.0,245.33,-6.33,-0.01,966.0,1863.0,0.1948,0.5421,0.5412,0.0009,0.966,0.971,-0.005,0.867,0.877,-0.01,0.766,0.682,0.084,26.0
Jake Allen,G,2875000,2019-20,0.0,81500000,60200000,700000,STL,24.0,49.0,53.19,4.2,0.194,0.956,0.952,0.004,0.922,2.26,2.45,0.19,0.7,1301.0,0.043,0.04,0.003,154.0,138.35,15.65,0.02,582.0,1058.0,0.1943,0.57,0.545,0.025,0.963,0.972,-0.009,0.92,0.88,0.04,0.75,0.697,0.053,12.0
Aaron Dell,G,800000,2019-20,0.0,81500000,60200000,700000,SJS,33.0,92.0,90.41,-1.6,-0.052,0.947,0.948,-0.001,0.907,3.01,2.96,-0.05,-0.27,1834.0,0.05,0.041,0.008,182.0,220.22,-38.22,-0.04,893.0,1650.0,0.18899999999999997,0.5654,0.5513,0.0141,0.969,0.969,0.0,0.88,0.878,0.002,0.663,0.689,-0.026,6.0
Mike Smith,G,2000000,2019-20,0.0,81500000,60200000,700000,EDM,39.0,105.0,92.85,-12.2,-0.342,0.947,0.953,-0.006,0.902,2.95,2.61,-0.34,-2.03,2138.0,0.038,0.037,0.001,248.0,247.34,0.66,0.0,969.0,1891.0,0.2057,0.5381,0.5316,0.006500000000000001,0.972,0.972,-0.001,0.842,0.874,-0.033,0.644,0.677,-0.033,25.0
Thomas Greiss,G,3600000,2019-20,0.0,81500000,60200000,700000,NYI,31.0,73.0,63.53,-9.5,-0.362,0.954,0.96,-0.006,0.913,2.78,2.42,-0.36,-1.58,1575.0,0.034,0.036,-0.002,194.0,195.06,-1.06,0.0,765.0,1509.0,0.2141,0.5297,0.5156000000000001,0.0141,0.963,0.972,-0.01,0.891,0.88,0.012,0.642,0.694,-0.053,5.0
Braden Holtby,G,4300000,2019-20,0.0,81500000,60200000,700000,WSH,48.0,142.0,124.79,-17.2,-0.376,0.943,0.95,-0.007,0.897,3.1,2.73,-0.38,-2.87,2745.0,0.046,0.04,0.006,351.0,314.11,36.89,0.03,1239.0,2362.0,0.1959,0.5515,0.5421,0.009399999999999999,0.971,0.973,-0.001,0.839,0.879,-0.04,0.677,0.678,-0.001,4.0
Corey Crawford,G,3900000,2019-20,0.0,81500000,60200000,700000,CHI,40.0,109.0,112.02,3.0,0.077,0.951,0.949,0.001,0.916,2.79,2.87,0.08,0.5,2340.0,0.044,0.041,0.002,280.0,279.61,0.39,0.0,1187.0,2107.0,0.19269999999999998,0.5848,0.5503,0.0346,0.963,0.97,-0.007,0.884,0.877,0.007,0.777,0.683,0.094,20.0
Anton Forsberg,G,700000,2019-20,0.0,81500000,60200000,700000,CAR,3.0,8.0,5.75,-2.3,-0.964,0.938,0.956,-0.017,0.897,3.35,2.41,-0.94,-0.38,143.0,0.074,0.037,0.037,17.0,17.07,-0.07,0.0,70.0,122.0,0.1975,0.6,0.5406,0.0594,0.973,0.974,-0.001,0.842,0.876,-0.034,0.4,0.7,-0.3,11.0
Keith Kinkaid,G,825000,2019-20,0.0,81500000,60200000,700000,MTL,6.0,24.0,16.33,-7.7,-1.359,0.929,0.951,-0.023,0.875,4.24,2.88,-1.35,-1.28,339.0,0.045,0.04,0.005,41.0,45.02,-4.02,-0.02,168.0,312.0,0.1704,0.5714,0.5663,0.0051,0.95,0.971,-0.021,0.8,0.881,-0.081,0.75,0.673,0.077,14.0
Anton Khudobin,G,3333333,2019-20,0.0,81500000,60200000,700000,DAL,30.0,62.0,70.03,8.0,0.286,0.961,0.956,0.005,0.93,2.21,2.5,0.29,1.34,1681.0,0.036,0.038,-0.001,202.0,197.11,4.89,0.01,820.0,1515.0,0.1962,0.5593,0.5306000000000001,0.0287,0.976,0.973,0.004,0.892,0.875,0.016,0.695,0.675,0.02,15.0
Cam Talbot,G,3666666,2019-20,0.0,81500000,60200000,700000,CGY,26.0,64.0,58.8,-5.2,-0.222,0.953,0.957,-0.004,0.918,2.73,2.51,-0.22,-0.87,1405.0,0.041,0.039,0.002,190.0,182.19,7.81,0.01,716.0,1309.0,0.17190000000000003,0.5681,0.5619,0.0062,0.967,0.972,-0.005,0.904,0.885,0.02,0.548,0.652,-0.105,2.0
Matt Murray,G,6250000,2019-20,0.0,81500000,60200000,700000,PIT,38.0,107.0,86.45,-20.5,-0.549,0.944,0.954,-0.011,0.899,2.86,2.31,-0.55,-3.42,2241.0,0.039,0.038,0.0,243.0,236.65,6.35,0.01,948.0,1789.0,0.2027,0.5564,0.5364,0.02,0.96,0.971,-0.011,0.842,0.882,-0.039,0.728,0.714,0.014,9.0
Henrik Lundqvist,G,1500000,2019-20,0.0,81500000,60200000,700000,NYR,30.0,84.0,80.75,-3.3,-0.124,0.949,0.951,-0.002,0.905,3.15,3.03,-0.12,-0.54,1597.0,0.055,0.041,0.015,155.0,213.05,-58.05,-0.07,801.0,1551.0,0.1788,0.5413,0.5596,-0.0183,0.965,0.973,-0.008,0.906,0.879,0.028,0.636,0.659,-0.023,26.0
Malcolm Subban,G,850000,2019-20,0.0,81500000,60200000,700000,CHI,21.0,60.0,54.47,-5.5,-0.291,0.941,0.947,-0.005,0.89,3.17,2.88,-0.29,-0.92,1134.0,0.049,0.04,0.009,93.0,122.06,-29.06,-0.05,486.0,964.0,0.20989999999999998,0.5332,0.5268999999999999,0.0063,0.958,0.97,-0.012,0.857,0.871,-0.014,0.745,0.681,0.064,20.0
Robin Lehner,G,5000000,2019-20,0.0,81500000,60200000,700000,VGK,36.0,99.0,101.31,2.3,0.067,0.952,0.951,0.001,0.92,2.89,2.96,0.07,0.39,2055.0,0.046,0.039,0.006,259.0,253.11,5.89,0.0,1134.0,1974.0,0.2024,0.5948,0.5382,0.056600000000000004,0.974,0.972,0.003,0.878,0.879,-0.001,0.647,0.652,-0.005,16.0
Brian Elliott,G,1500000,2019-20,0.0,81500000,60200000,700000,PHI,31.0,80.0,73.42,-6.6,-0.234,0.943,0.948,-0.005,0.899,2.83,2.6,-0.23,-1.1,1693.0,0.055,0.04,0.015,208.0,177.02,30.98,0.04,716.0,1322.0,0.1924,0.5678,0.5533,0.014499999999999999,0.961,0.97,-0.009,0.861,0.878,-0.018,0.743,0.681,0.062,22.0
Tristan Jarry,G,3500000,2019-20,0.0,81500000,60200000,700000,PIT,33.0,79.0,78.66,-0.3,-0.009,0.954,0.955,-0.0,0.92,2.46,2.45,-0.01,-0.06,1926.0,0.038,0.038,0.0,225.0,220.84,4.16,0.0,907.0,1652.0,0.19039999999999999,0.5696,0.5390999999999999,0.0305,0.973,0.974,-0.001,0.859,0.88,-0.021,0.738,0.677,0.061,9.0
Laurent Brossoit,G,1500000,2019-20,0.0,81500000,60200000,700000,WPG,19.0,55.0,53.89,-1.1,-0.067,0.941,0.942,-0.001,0.893,3.34,3.27,-0.07,-0.18,988.0,0.049,0.041,0.008,106.0,115.76,-9.76,-0.02,457.0,876.0,0.1855,0.5499,0.5548,-0.0049,0.98,0.971,0.008,0.888,0.879,0.008,0.519,0.642,-0.123,10.0
Ryan Miller,G,1000000,2019-20,0.0,81500000,60200000,700000,ANA,23.0,63.0,57.84,-5.2,-0.258,0.947,0.951,-0.004,0.907,3.13,2.87,-0.26,-0.86,1207.0,0.05,0.041,0.009,161.0,154.7,6.3,0.01,616.0,1129.0,0.1808,0.5696,0.5494,0.0203,0.965,0.97,-0.005,0.883,0.879,0.005,0.627,0.671,-0.044,24.0
Mackenzie Blackwood,G,2800000,2019-20,0.0,81500000,60200000,700000,NJD,47.0,124.0,131.89,7.9,0.177,0.954,0.951,0.003,0.915,2.77,2.95,0.18,1.31,2683.0,0.037,0.037,0.0,353.0,325.22,27.78,0.02,1327.0,2545.0,0.203,0.5436,0.5393,0.0043,0.966,0.971,-0.005,0.907,0.881,0.026,0.694,0.662,0.032,29.0
Cory Schneider,G,700000,2019-20,0.0,81500000,60200000,700000,NJD,13.0,41.0,32.56,-8.4,-0.742,0.936,0.949,-0.013,0.885,3.62,2.88,-0.75,-1.41,679.0,0.053,0.039,0.014,84.0,79.5,4.5,0.01,314.0,601.0,0.1975,0.5529999999999999,0.5376,0.015300000000000001,0.96,0.969,-0.009,0.832,0.88,-0.049,0.655,0.673,-0.018,29.0
Craig Anderson,G,700000,2019-20,0.0,81500000,60200000,700000,OTT,34.0,100.0,93.34,-6.7,-0.22,0.947,0.95,-0.004,0.902,3.29,3.07,-0.22,-1.11,1825.0,0.044,0.039,0.004,207.0,227.33,-20.33,-0.02,918.0,1785.0,0.19920000000000002,0.5401,0.5318,0.008199999999999999,0.969,0.97,-0.002,0.879,0.881,-0.001,0.616,0.669,-0.052,31.0
Thatcher Demko,G,5000000,2019-20,0.0,81500000,60200000,700000,VAN,27.0,75.0,70.96,-4.0,-0.157,0.95,0.952,-0.003,0.907,2.94,2.78,-0.16,-0.67,1529.0,0.042,0.039,0.004,190.0,173.69,16.31,0.02,729.0,1415.0,0.2191,0.5396,0.5151,0.0245,0.971,0.97,0.001,0.869,0.879,-0.01,0.667,0.706,-0.039,23.0
Jordan Binnington,G,6000000,2019-20,0.0,81500000,60200000,700000,STL,51.0,126.0,126.35,0.3,0.006,0.95,0.95,0.0,0.912,2.58,2.59,0.01,0.06,2928.0,0.05,0.041,0.009,334.0,327.19,6.81,0.0,1307.0,2405.0,0.1825,0.5661999999999999,0.5593,0.0069,0.965,0.973,-0.008,0.897,0.878,0.019,0.715,0.675,0.041,12.0
Anton Forsberg,G,900000,2019-20,0.0,81500000,60200000,700000,CAR,3.0,8.0,5.75,-2.3,-0.964,0.938,0.956,-0.017,0.897,3.35,2.41,-0.94,-0.38,143.0,0.074,0.037,0.037,17.0,17.07,-0.07,0.0,70.0,122.0,0.1975,0.6,0.5406,0.0594,0.973,0.974,-0.001,0.842,0.876,-0.034,0.4,0.7,-0.3,11.0
Juuse Saros,G,5000000,2020-21,0.0,81500000,60200000,750000,NSH,36.0,78.0,91.15,13.2,0.386,0.958,0.951,0.007,0.927,2.28,2.67,0.38,2.19,2051.0,0.046,0.039,0.007,259.0,228.56,30.44,0.03,993.0,1771.0,0.19260000000000002,0.5792,0.5457,0.0335,0.978,0.97,0.007,0.886,0.877,0.009,0.675,0.638,0.037,20.0
Ilya Samsonov,G,2000000,2020-21,0.0,81500000,60200000,750000,WSH,19.0,49.0,43.44,-5.6,-0.307,0.946,0.952,-0.006,0.902,2.69,2.39,-0.31,-0.93,1092.0,0.048,0.04,0.008,106.0,116.77,-10.77,-0.02,450.0,860.0,0.19269999999999998,0.5489999999999999,0.5464,0.0026,0.968,0.97,-0.003,0.881,0.882,-0.0,0.591,0.686,-0.095,5.0
Carter Hart,G,3979000,2020-21,0.0,81500000,60200000,750000,PHI,27.0,89.0,70.75,-18.3,-0.754,0.93,0.944,-0.014,0.877,3.67,2.91,-0.75,-3.04,1456.0,0.048,0.041,0.006,168.0,158.77,9.23,0.01,632.0,1175.0,0.1913,0.5704,0.5599000000000001,0.0105,0.963,0.971,-0.009,0.854,0.876,-0.022,0.528,0.638,-0.11,6.0
Igor Shesterkin,G,5666666,2020-21,0.0,81500000,60200000,750000,NYR,35.0,83.0,85.99,3.0,0.095,0.954,0.952,0.002,0.916,2.62,2.72,0.09,0.5,1899.0,0.038,0.039,-0.002,213.0,222.32,-9.32,-0.01,905.0,1721.0,0.1972,0.5477000000000001,0.5376,0.01,0.971,0.972,-0.001,0.888,0.88,0.008,0.695,0.667,0.028,16.0
Adin Hill,G,2175000,2020-21,0.0,81500000,60200000,750000,ARI,19.0,46.0,46.03,0.0,0.0,0.95,0.95,0.0,0.913,2.74,2.75,0.0,0.01,1005.0,0.053,0.041,0.012,136.0,117.52,18.48,0.03,484.0,876.0,0.1753,0.5748,0.5585,0.0163,0.969,0.97,-0.0,0.862,0.878,-0.017,0.718,0.657,0.061,22.0
Brian Elliott,G,900000,2020-21,0.0,81500000,60200000,750000,PHI,30.0,82.0,62.68,-19.3,-0.72,0.937,0.952,-0.015,0.889,3.06,2.34,-0.72,-3.22,1607.0,0.045,0.04,0.005,183.0,164.58,18.42,0.02,656.0,1220.0,0.1863,0.5668,0.5548,0.012,0.959,0.973,-0.014,0.85,0.88,-0.029,0.617,0.674,-0.057,6.0
Joonas Korpisalo,G,1300000,2020-21,0.0,81500000,60200000,750000,CBJ,33.0,96.0,82.18,-13.8,-0.474,0.942,0.951,-0.008,0.894,3.3,2.82,-0.47,-2.3,1747.0,0.038,0.039,-0.002,206.0,202.88,3.12,0.0,808.0,1569.0,0.19949999999999998,0.5428999999999999,0.5366,0.0064,0.963,0.971,-0.008,0.869,0.881,-0.012,0.627,0.674,-0.047,13.0
Jake Allen,G,3850000,2021-22,0.0123,82500000,61000000,750000,MTL,35.0,107.0,104.85,-2.2,-0.068,0.947,0.948,-0.001,0.905,3.3,3.23,-0.07,-0.36,1947.0,0.049,0.041,0.008,251.0,254.85,-3.85,0.0,1016.0,1898.0,0.2006,0.5600999999999999,0.5466,0.013500000000000002,0.969,0.97,-0.002,0.871,0.876,-0.005,0.705,0.694,0.011,18.0
Stuart Skinner,G,2600000,2021-22,0.0123,82500000,61000000,750000,EDM,13.0,32.0,32.85,0.9,0.074,0.948,0.947,0.001,0.913,2.62,2.68,0.07,0.14,734.0,0.055,0.041,0.014,67.0,80.01,-13.01,-0.04,335.0,586.0,0.1868,0.5939,0.5594,0.0345,0.967,0.97,-0.003,0.931,0.878,0.054,0.611,0.712,-0.101,11.0
